﻿{"cameraMode":{"drawMode":0,"name":"Shaded","section":"Shading Mode"},"sceneLighting":false,"audioPlay":false,"sceneViewState":{"showFog":false,"showMaterialUpdate":false,"showSkybox":false,"showFlares":false,"showImageEffects":false,"showParticleSystems":false},"in2DMode":false,"pivot":{"x":1.968836784362793,"y":2.4278011322021486,"z":-6.649893760681152},"rotation":{"x":-0.14343881607055665,"y":0.029684970155358316,"z":-0.004304463043808937,"w":-0.9892045259475708},"size":17.79792022705078,"orthographic":false}